Ministry,is_garbage
"(Árið 2007: Félagsmálaráðuneyti, Skuldir og eigið fé",False
"- 01 101 Forsætisráðuneyti, aðalskrifstofa -7.102",False
"- 03 101 Utanríkisráðuneyti, aðalskrifstofa -39.000",False
"-44.100 — 40 101 Samgönguráðuneyti, aðalskrifstofa. 18.500",False
"01 101 Forsætisráðuneyti,",False
"01 101 Forsætisráðuneyti, aðalskrifstofa",False
"01 101 Forsætisráðuneyti, aðalskrifstofa 2.340",False
"01 101 Forsætisráðuneyti, aðalskrifstofa 3.600",False
"01 101 Forsætisráðuneyti, aðalskrifstofa 4 4 4 4 ótímab",False
"01 101 Forsætisráðuneyti, aðalskrifstofa 7 5 s s 2021",False
"01 101 Forsætisráðuneyti, aðalskrifstofa. 12.188",False
01 201 Fasteignir forsætisráðuneyti:,False
01 201 Fasteignir forsætisráðuneytis,False
01 201 Fasteignir forsætisráðuneytis .,False
01 201 Fasteignir forsætisráðuneytis 16 9 . . 2015,False
01 201 Fasteignir forsætisráðuneytis 20 1 1 1 2016-2019,False
01 201 Fasteignir forsætisráðuneytis 3 - - - 2020,False
01 201 Fasteignir forsætisráðuneytis 8 8 8 8 ótímab,False
01 201 Fasteignir forsætisráðuneytis 8 8 8 8 ótímab.,False
01 201 Fasteignir forsætisráðuneytis' 5 5 5 5 ótímab.,False
01 201 Fasteignir forsætisráðuneytis.,False
01 201 Fasteignir forsætisráðuneytis..,False
01 Forsætisráðuneyti,False
"01 Forsætisráðuneyti 1.381 1.444 -63 -4,4 1.771 390 22,0",False
"01 Forsætisráðuneyti 1.444 1.146 298 26,0 2.083 638 30,6",False
01 Forsætisráðuneyti 1381 649 470 380 158,False
"01 Forsætisráðuneyti 22.400 | 02919 Söfn, ýmis framlög 200",False
01 — Forsætisráðuneyti 209 Sjúklingatrygging -126 -,False
"01101 Forsætisráðuneyti,",False
"01101 Forsætisráðuneyti, aðalskrifstofa 645 688 -43 3 3",False
"01101 Forsætisráðuneyti, aðalskrifstofa 778 855 -77 8 19 -11",False
"01101 Forsætisráðuneyti, aðalskrifstofa 929 988 59 9 26 17",False
"01101 Forsætisráðuneyti, aðalskrifstofa 946 1.003 57 2 32 29",False
01201 Fasteignir forsætisráðuneytis - 1700,False
01201 Fasteignir forsætisráðuneytis 12 18 - 30,False
01201 Fasteignir forsætisráðuneytis 12 = - 1,False
01201 Fasteignir forsætisráðuneytis 169 185 -16 31 31 -,False
01201 Fasteignir forsætisráðuneytis 216 293 -77 9 8 1,False
01201 Fasteignir forsætisráðuneytis 250 275 25 9 39 30,False
01201 Fasteignir forsætisráðuneytis 257 327 71 2 11 9,False
01201 Fasteignir forsætisráðuneytis 7.000 LEA 3 -6.000,False
01201 Fasteignir forsætisráðuneytis = 8 ri) Z B,False
02 101 Mennta- og menningarmálaráðuneyti 09984 Ríkiseignir,False
"02 101 Mennta- og menningarmálaráðuneyti, 01 199",False
"02 101 Mennta- og menningarmálaráðuneyti, 12 199",False
"02 101 Mennta- og menningarmálaráðuneyti, aðalskrifstofa",False
"02 101 Menntamálaráðuneyti,",False
"02 101 Menntamálaráðuneyti, aðalskri",False
"02 101 Menntamálaráðuneyti, aðalskrifstofa",False
"02 101 Menntamálaráðuneyti, aðalskrifstofa 1.290",False
"02 101 Menntamálaráðuneyti, aðalskrifstofa 480",False
"02 101 Menntamálaráðuneyti, aðalskrifstofa 738",False
"02 101 Menntamálaráðuneyti, aðalskrifstofa A",False
02 101 —Mennta-og menningarmálaráðuneyti 63 63 63 63 ótímab,False
02 984 Norræn samvinna 3.500 11 Iðnaðarráðuneyti -9.819,False
02 994 Uppbygging menntunar 04 Landbúnaðarráðuneyti 18.415,False
02 Mennta- og menningamálaráðuneyti,False
02 Mennta- og menningarmálaráðuneyti 209.921,False
02 Menntamálaráðuneyti,False
02 Menntamálaráðuneyti 116.076 Sn,False
02 — Mennta- og menningamálaráðuneyti,False
02 — Mennta- og menningarmálaráðuneyti,False
02 — Menntamálaráðuneyti,False
"02101 Menntamálaráðuneyti,",False
02907 Listasafn Íslands 6.000 03 Utanríkisráðuneyti 9.150,False
"02999 Ýmislegt -3.089 ráðuneyti, aðalskrifstofa 4.430",False
"03 101 Utanríkisráðuneyti,",False
"03 101 Utanríkisráðuneyti, aðalskrifstofa",False
"03 101 Utanríkisráðuneyti, aðalskrifstofa ..",False
"03 101 Utanríkisráðuneyti, aðalskrifstofa ...... 3.000",False
"03 101 Utanríkisráðuneyti, aðalskrifstofa 1.000",False
"03 101 Utanríkisráðuneyti, aðalskrifstofa 10.000",False
"03 101 Utanríkisráðuneyti, aðalskrifstofa 11.000",False
"03 101 Utanríkisráðuneyti, aðalskrifstofa 16.000",False
"03 101 Utanríkisráðuneyti, aðalskrifstofa 17.500",False
"03 101 Utanríkisráðuneyti, aðalskrifstofa 23.325",False
"03 101 Utanríkisráðuneyti, aðalskrifstofa 3.500",False
"03 101 Utanríkisráðuneyti, aðalskrifstofa 5.000",False
"03 101 Utanríkisráðuneyti, aðalskrifstofa 5000",False
"03 101 Utanríkisráðuneyti, aðalskrifstofa 9.400",False
"03 101 Utanríkisráðuneyti, aðalskrifstofa... 1.929",False
03 111 Þýðingamiðstöð utanríkisráðuneytis,False
03 111 Þýðingamiðstöð utanríkisráðuneytis ...,False
03 111 Þýðingamiðstöð utanríkisráðuneytis ....,False
03 111 Þýðingamiðstöð utanríkisráðuneytis 1 1 1 1 ótímab.,False
03 111 Þýðingamiðstöð utanríkisráðuneytis 8 8 9 9 ótímab.,False
03 111 Þýðingarmiðstöð utanríkisráðuneytis () () - - 2020,False
"03 190 Ýmis verkefni: Norska utanríkisráðuneytið,",False
03 Utanríkisráðuneyti,False
03 Utanríkisráðuneyti 38.822,False
"03 Utanríkisráðuneyti 5.489 4.965 524 10,6 5.837 349 6,0",False
"03 Utanríkisráðuneyti 5.980 438 73 1.502 19,0",False
03 Utanríkisráðuneyti 59.700 06199 Ráðstöfunarfé -7.500,False
03 Utanríkisráðuneyti 791.500,False
03 — Utanríkisráðuneyti,False
"03 — Utanríkisráðuneyti 447 Sóltún, Reykjavík -528 -352",False
"03101 Utanríkisráðuneyti,",False
"03101 Utanríkisráðuneyti, aðalskrifstofa - -18800",False
"03101 Utanríkisráðuneyti, aðalskrifstofa, - -10.000",False
"03101 | Utanríkisráðuneyti, aðalskrifstofa 45.100",False
"03101 —Utanríkisráðuneyti,",False
"03101 —Utanríkisráðuneyti, aðalskrifstofa 13.622",False
03111 Þýðingamiðstöð utanríkisráðuneytis - -32.000,False
03111 Þýðingamiðstöð utanríkisráðuneytis - 7.800,False
03111 Þýðingamiðstöð utanríkisráðuneytis 2 = - a,False
03111 Þýðingamiðstöð utanríkisráðuneytis 2 B - 2,False
03111 Þýðingamiðstöð utanríkisráðuneytis 342 344 -2 1 1 -,False
03111 Þýðingamiðstöð utanríkisráðuneytis 385 386 1 0 1 1,False
03111 Þýðingamiðstöð utanríkisráðuneytis = = 2 = 7,False
03111 „Þýðingamiðstöð utanríkisráðuneytis 330 335 -5 5 2 3,False
"04 101 Atvinnuvega- og nýsköpunarráðuneyti, aðalskrifstofa",False
"04 101 Landbúnaðarráðuneyti,",False
"04 101 Landbúnaðarráðuneyti, aðalskrifstofa",False
"04 101 Landbúnaðarráðuneyti, aðalskrifstofa . 2.500",False
"04 101 Sjávarútvegs- og landbúnaðarráðuneyti, aðalskrifstofa",False
04 818 Búnaðarsjóður.. 01 101 Forsætisráðuneyti,False
04 Atvinnuvega- og nýsköpunarráðuneyti 811 Barmabætur 117 -,False
04 Landbúnaðarráðuneyti,False
04 Landbúnaðarráðuneyti 21.500,False
04 Landbúnaðarráðuneyti 31.388 -,False
04 Landbúnaðarráðuneyti 37.050 06 111 Kosningar... -1.632,False
04 Sjávarútvegs og landbúnaðarráðuneyti,False
04 Sjávarútvegs- og landbúnaðarráðuneyti,False
04 Sjávarútvegs- og landbúnaðarráðuneyti 7.100,False
04 — Atvinnu- og nýsköpunarráðuneyti 854 Fæðingarorlof 105 -,False
04 — Atvinnuvega- og nýsköpunarráðuneyti,False
"04101 Landbúnaðarráðuneyti,",False
04335 Skjólskógar á Vestfjörðum kirkjumálaráðuneytis,False
"05 101 Sjávarútvegsráðuneyti,",False
"05 101 Sjávarútvegsráðuneyti, aðalskrifst 1.100",False
"05 101 Sjávarútvegsráðuneyti, aðalskrifstofa",False
"05 101 Sjávarútvegsráðuneyti, aðalskrifstofa 1.100",False
05 190 Ýmnis verkefni 33 300 10 Samgönguráðuneyti. 1.100,False
05 Sjávarútvegsráðuneyti,False
05 Sjávarútvegsráðuneyti.. sýslumannsembætta -1.700,False
05 — Sjávarútvegsráðuneyti,False
05 —Sjávarútvegsráðuneyti.. 137 2.581 66 111 137 3.632,False
"05101 Sjávarútvegsráðuneyti,",False
"05272 Bygging 01 101 Forsætisráðuneyti, aðalskrifstofa .",False
"06 101 Dóms- og kirkjumálaráðuneyti,",False
"06 101 Dóms- og kirkjumálaráðuneyti, aðalskrifstofa",False
"06 101 Dóms- og kirkjumálaráðuneyti, aðalskrifstofa 1.200",False
"06 101 Dóms- og kirkjumálaráðuneyti, aðalskrifstofa 1.360",False
"06 101 Dóms- og kirkjumálaráðuneyti, aðalskrifstofa 1.706 A",False
"06 101 Dóms- og kirkjumálaráðuneyti, aðalskrifstofa 12.224 .",False
"06 101 Dóms- og kirkjumálaráðuneyti, aðalskrifstofa 4.000 -",False
"06 101 Dóms- og kirkjumálaráðuneyti, aðalskrifstofa 551",False
"06 101 Dóms- og kirkjumálaráðuneyti, aðalskrifstofa 853 BN",False
"06 101 Dómsmála- og mannréttindaráðuneyti, aðalskrifstofa",False
"06 101 Dómsmálaráðuneyti, aðalskrifstofa 1 1 1 1 ótímab.",False
"06 101 Dómsmálaráðuneyti, aðalskrifstofa 13 - - - 5019",False
"06 101 Dómsmálaráðuneyti, aðalskrifstofa 13 14 14 14 ótímab.",False
"06 101 Dómsmálaráðuneyti, aðalskrifstofa 40 40 40 40 ótímab.",False
"06 101 Innanríkisráðuneyti, aðalskrifstof;",False
"06 101 Innanríkisráðuneyti, aðalskrifstofa",False
"06 101 Innanríkisráðuneyti, aðalskrifstofa.",False
"06 101 Innanríkisráðuneyti, aðalskrifstofa..",False
"06 101 Innanríkisráðuneytið, aðalskrifstofa 91 . . . 2017",False
06 104 Tölvumiðstöð dóms- og kirkjumálaráðuneytis,False
06 104 Tölvumiðstöð dóms- og kirkjumálaráðuneytis 8.965 A,False
06 104 Tölvumiðstöð dómsmálaráðuneytis,False
06 104 Tölvumiðstöð dómsmálaráðuneytis .......... 239 06 390,False
06 104 Tölvumiðstöð dómsmálaráðuneytis 10.000,False
"06 501 5.000 tryggingamálaráðuneyti, aðalskrifstofa 11.030",False
06 Dóms- og kirkjumálaráðuneyti,False
"06 Dóms- og kirkumálaráðuneytis 15.182 1.644 10,8 519 3,0",False
06 Dómsmála- og mannréttindaráðuneyti,False
06 Innanríkisráðuneyti,False
06 — Dóms- og kirkjumálaráðuneyti,False
06 — Innanríkisráðuneyti,False
06 — Innanríkisráðuneyti 211 Umhverfisstofnun 144 86,False
"06101 Dómsmálaráðuneyti, aðalskrifstofa - 6800",False
"06101 Dómsmálaráðuneyti, aðalskrifstofa 1 - - 1",False
"06101 Dómsmálaráðuneyti, aðalskrifstofa 3 - - 3",False
"06101 Dómsmálaráðuneyti, aðalskrifstofa 593 602 9 2 7 El",False
"06101 Dómsmálaráðuneyti, aðalskrifstofa 618 649 32 5 8 3",False
"06101 Dómsmálaráðuneyti, aðalskrifstofa B - 1 - 1",False
"06101 Dómsmálaráðuneyti, aðalskrifstofa e11 593 18 2 8 -6",False
"06101 Innanríkisráðuneyti,",False
"06101 Innanríkisráðuneyti, aðalskrifstofa 6.500",False
"07 101 Félags- og tryggingamálaráðuneyti, aðalskrifstofa",False
"07 101 Félagsmálaráðuneyti,",False
"07 101 Félagsmálaráðuneyti, aðalskrifst... 15.300",False
"07 101 Félagsmálaráðuneyti, aðalskrifstofa",False
"07 101 Félagsmálaráðuneyti, aðalskrifstofa 1.700",False
07 Félags- og tryggingamálaráðuneyti,False
07 Félags- og tryggingamálaráðuneyti 14.130,False
07 Félagsmálaráðuneyti,False
07 Félagsmálaráðuneyti ... 12.473,False
07 Félagsmálaráðuneyti 216.697,False
"07 Félagsmálaráðuneyti 27.322 185 0,7 382 14",False
07 Félagsmálaráðuneyti.,False
07 Félagsmálaráðuneyti..,False
07 Félagsmálaráðuneyti.... 91.577,False
07 | Félagsmálaráðuneyti,False
"07101 Félagsmálaráðuneyti,",False
"07101 Félagsmálaráðuneyti, aðalskrifstofa 2 - - 2",False
"07101 Félagsmálaráðuneyti, aðalskrifstofa 2 - - 5",False
"07101 Félagsmálaráðuneyti, aðalskrifstofa 700 723 23 3 2 (0)",False
"07101 Félagsmálaráðuneyti, aðalskrifstofa 709 749 40 4 2 3",False
08  Velferðaráðuneyti,False
"08 101 Heilbrigðis og tryggingamálaráðuneyti, aðalskrifstofa",False
"08 101 Heilbrigðis- og tryggingamálaráðuneyti, 1",False
"08 101 Heilbrigðis- og tryggingamálaráðuneyti, sr",False
"08 101 Heilbrigðisráðuneyti, aðalskrifstof: 301 I",False
"08 101 Heilbrigðisráðuneyti, aðalskrifstofa",False
"08 101 Velferðarráðuneyti, aðalskrifstof:",False
"08 101 Velferðarráðuneyti, aðalskrifstofa",False
"08 101 Velferðarráðuneyti, aðalskrifstofa 5 ð ð ð ótímab.",False
"08 101 Velferðarráðuneyti, aðalskrifstofa 76 79 82 86 2021",False
"08 101 Velferðarráðuneyti, aðalskrifstofa 77 80 84 87 2021",False
"08 101 Velferðarráðuneyti, aðalskrifstofa 82 86 89 93 2021",False
"08 101 Velferðarráðuneyti, aðalskrifstofa s s s s ótímab.",False
"08 101 Velferðarráðuneyti, aðalskrifstofa ð . . . 2017",False
08 Heilbrigðis- og tryggingamálaráðuneyti,False
08 Heilbrigðisráðuneyti,False
08 Heilbrigðisráðuneyti 2.845.371,False
08 Velferðarráðuneyti,False
08 Velferðarráðuneyti -146.974,False
08 Velferðarráðuneyti 715.184,False
08 | Heilbrigðis- og tryggingamálaráðuneyti,False
08 | Velferðarráðuneyti,False
08 — Velferðarráðuneyti,False
"08101 Heilbrigðisráðuneyti,",False
"08101 Heilbrigðisráðuneyti, aðalskrifstofa 2 - - 2",False
"08101 Velferðarráðuneyti,",False
"08101 Velferðarráðuneyti, aðalskrifstofa - 17.200",False
"08101 Velferðarráðuneyti, aðalskrifstofa 22.500",False
"08B101 Velferðarráðuneyti, aðalskrifstofa - - 4 - pi",False
09  Fjármálaráðuneyti...,False
"09 101 Fjármála- og efnahagsráðuneyti,",False
"09 101 Fjármála- og efnahagsráðuneyti, aðalskrifstofa",False
"09 101 Fjármála- og efnahagsráðuneyti, aðalskrifstofa 2.000",False
"09 101 Fjármálaráðuneyti,",False
"09 101 Fjármálaráðuneyti, aðalskrifstof:",False
"09 101 Fjármálaráðuneyti, aðalskrifstofa",False
"09 101 Fjármálaráðuneyti, aðalskrifstofa .",False
"09 101 Fjármálaráðuneyti, aðalskrifstofa .. -91",False
"09 101 Fjármálaráðuneyti, aðalskrifstofa ... -500",False
"09 101 Fjármálaráðuneyti, aðalskrifstofa 2.700",False
"09 101 Fjármálaráðuneyti, aðalskrifstofa 409",False
"09 101 Fjármálaráðuneyti, aðalskrifstofa.",False
09 Fjármála- og efnahagsráðuneyti,False
09 Fjármála- og efnahagsráðuneyti -7.912.787,False
09 Fjármálaráðuneyti,False
09 Fjármálaráðuneyti 227.595 05 199 Ýmis verkefni 700,False
09 Fjármálaráðuneyti 356.923 — 09201 Ríkisskattstjóri 600,False
"09 Fjármálaráðuneyti 41.205 -4.278 — -10,4 674 18",False
09 | Fjármála- og efnahagsráðuneyti,False
09 — Fjármála- og efnahagsráðuneyti,False
09 — Fjármála- og efnahagsráðuneytið,False
09 — Fjármálaráðuneyti,False
09101 Fjármála- og efnahagsráðuneyti,False
"09101 Fjármálaráðuneyti,",False
"09199 Ráðstöfunarfé -850 málaráðuneyti, aðalskrifstofa 4.400",False
"0999 Ófyriséð igjld 4300 ráðuneyti, aðalskrifstofa 32.400",False
"0B101 Heilbrigðisráðuneyti, aðalskrifstofa 2 - - 2",False
"0B101 Heilbrigðisráðuneyti, aðalskrifstofa 682 688 6 5 2 -7",False
"1 09 101 Fjármála- og efnahagsráðuneyti,",False
"10 101 Samgöngu- og sveitarstjórnarráðuneyti,",False
"10 101 Samgöngu- og sveitarstjórnarráðuneyti, aðalskrifstofa",False
"10 101 Samgönguráðuneyti,",False
"10 101 Samgönguráðuneyti, aðalskrifstofa",False
"10 101 Samgönguráðuneyti, aðalskrifstofa 13.800",False
"10 101 Samgönguráðuneyti, aðalskrifstofa 20.000",False
"10 101 Samgönguráðuneyti, aðalskrifstofa 23.800",False
"10 101 Samgönguráðuneyti, aðalskrifstofa 7.000",False
"10 101 Samgönguráðuneyti, aðalskrifstofa 8.000",False
"10 101 Samgönguráðuneyti, aðalskrifstofa.",False
"10 101 Samgönguráðuneyti, aðalskrifstofa... 5.000 A",False
10 101 Samgönguráðuneyti. 11.000,False
10 Samgöngu- og sveitarstjórnarráðuneyti,False
10 Samgöngu- og sveitastjórnarráðuneyti,False
10 Samgönguráðuneyti,False
"10 Samgönguráðuneyti 20.094 -2.015 -10,0 5.320 22,7",False
"101  Dóms- og kirkjumálaráðuneyti, aðalskrifstofa",False
"101  Félagsmálaráðuneyti, aðalskrifstofa .",False
"101  Innanríkisráðuneyti,",False
"101  Landbúnaðarráðuneyti, aðalskrifstofa .",False
"101  Menntamálaráðuneyti, aðalskrifstofa.",False
"101  Samgönguráðuneyti, aðalskrifstofa",False
"101  Sjávarútvegsráðuneyti, aðalskrifstofa",False
"101  Utanríkisráðuneyti, aðalskrifstofa.",False
"101 Dóms- og kirkjumálaráðuneyti,",False
"101 Dómsmálaráðuneyti, aðalskrifstofa - - 1 - 1",False
"101 Dómsmálaráðuneyti, aðalskrifstofa 1 - - 1",False
"101 Dómsmálaráðuneyti, aðalskrifstofa 147 115 9 32 23",False
"101 Dómsmálaráðuneyti, aðalskrifstofa 3 - - 3",False
"101 Dómsmálaráðuneyti, aðalskrifstofa 587 52 639 664 ( -24",False
"101 Dómsmálaráðuneyti, aðalskrifstofa 620 58 678 651 (9) 27",False
"101 Dómsmálaráðuneyti, aðalskrifstofa 641 65 705 682 ( 23",False
"101 Dómsmálaráðuneyti, aðalskrifstofa 70 91 3 -21 -24",False
"101 Dómsmálaráðuneyti, aðalskrifstofa 99 93 21 6 27",False
101 Fasteignir forsætisráðuneytis. 52.101 63.343 —  47.365,False
101 Fasteignir forsætisráðuneytis. 62.713,False
101 Fasteignir forsætisráðuneytis. 63.343 | 38.502 | 65.357,False
"101 Fjármála- og efnahagsráðuneyti, aðalskrifstofa 15 - - 15",False
"101 Fjármála- og efnahagsráðuneyti, aðalskrifstofa 16 - - 16",False
"101 Fjármálaráðuneyti,",False
"101 Fjármálaráðuneyti, aðalskrifstof: - 4.880 4.968 9.886",False
"101 Fjármálaráðuneyti, aðalskrifstofa",False
"101 Fjármálaráðuneyti, aðalskrifstofa - 96 4.254 - 4.350",False
"101 Fjármálaráðuneyti, aðalskrifstofa -414 440 26 9 35",False
"101 Fjármálaráðuneyti, aðalskrifstofa -433 454 21 35 57",False
"101 Fjármálaráðuneyti, aðalskrifstofa -497 489 -8 57 49",False
"101 Fjármálaráðuneyti, aðalskrifstofa -516 516 -1 38 38",False
"101 Fjármálaráðuneyti, aðalskrifstofa -550 555 5 38 42",False
"101 Fjármálaráðuneyti, aðalskrifstofa -572 568 4 42 38",False
"101 Fjármálaráðuneyti, aðalskrifstofa . -512 501 =11 49 38",False
"101 Fjármálaráðuneyti, aðalskrifstofa 21 250 8.167 - 8.438",False
"101 Fjármálaráðuneyti, aðalskrifstofa 290 80 8.914 - 9.284",False
"101 Fjármálaráðuneyti, aðalskrifstofa 38 508 - 12 -5",False
"101 Fjármálaráðuneyti, aðalskrifstofa 38 548 1 -2 8 593",False
"101 Fjármálaráðuneyti, aðalskrifstofa 38 616 - 19 - 673",False
"101 Fjármálaráðuneyti, aðalskrifstofa 42 571 1 3 - 610",False
"101 Fjármálaráðuneyti, aðalskrifstofa 46 680 131 4 860",False
"101 Fjármálaráðuneyti, aðalskrifstofa 49 498 - - 3 550",False
"101 Fjármálaráðuneyti, aðalskrifstofa 64 583 -l 18 663",False
"101 Fjármálaráðuneyti, aðalskrifstofa 69 631 -8 - 692",False
"101 Fjármálaráðuneyti, aðalskrifstofa 9 396 8 36 - 449",False
"101 Fjármálaráðuneyti, aðalskrifstofa, 512 4 0,8 38 6,8",False
"101 Fjármálaráðuneyti, aðalskrifstofa.",False
"101 Fjármálaráðuneyti, aðalskrifstofa. - 200 2.998 - 3.198",False
"101 Fjármálaráðuneyti, aðalskrifstofa. 176 - 4.426 - 4.602",False
101 Forsætisráðuneyti,False
"101 Forsætisráðuneyti,",False
"101 Forsætisráðuneyti, aðalskrifstof- - 735 25.678 - 26.413",False
"101 Forsætisráðuneyti, aðalskrifstof: - - 412 947 1.359",False
"101 Forsætisráðuneyti, aðalskrifstofa -188 200 12 -12 (0)",False
"101 Forsætisráðuneyti, aðalskrifstofa -200 229",False
"101 Forsætisráðuneyti, aðalskrifstofa -215 251 35 93 128",False
"101 Forsætisráðuneyti, aðalskrifstofa -228 234 6 (9) 6",False
"101 Forsætisráðuneyti, aðalskrifstofa -233 256 23 128 151",False
"101 Forsætisráðuneyti, aðalskrifstofa 128 251 - 2 4 384",False
"101 Forsætisráðuneyti, aðalskrifstofa 151 253 „11 8 10 411",False
"101 Forsætisráðuneyti, aðalskrifstofa 163 120 46 43 3",False
"101 Forsætisráðuneyti, aðalskrifstofa 215 -16 13 93 37",False
"101 Forsætisráðuneyti, aðalskrifstofa 216 159 59 57 -2",False
"101 Forsætisráðuneyti, aðalskrifstofa 222 163 75 59 -16",False
"101 Forsætisráðuneyti, aðalskrifstofa 224 147 43 77 34",False
"101 Forsætisráðuneyti, aðalskrifstofa 26 300 23 17 365",False
"101 Forsætisráðuneyti, aðalskrifstofa 29 358 - 34 422",False
"101 Forsætisráðuneyti, aðalskrifstofa 31 292 -2 12 333",False
"101 Forsætisráðuneyti, aðalskrifstofa 31 306 - s 343",False
"101 Forsætisráðuneyti, aðalskrifstofa 33 454 - 61 548",False
"101 Forsætisráðuneyti, aðalskrifstofa 35 310 -5 9 350",False
"101 Forsætisráðuneyti, aðalskrifstofa 35 359 1 60 455",False
"101 Forsætisráðuneyti, aðalskrifstofa 36 504 - 13 553",False
"101 Forsætisráðuneyti, aðalskrifstofa 63 220 10 5 -6",False
"101 Forsætisráðuneyti, aðalskrifstofa 642 14 656 -659 o 3",False
"101 Forsætisráðuneyti, aðalskrifstofa 812 () 812 778 o 34",False
"101 Forsætisráðuneyti, aðalskrifstofa 913 44 958 974 () -16",False
"101 Forsætisráðuneyti, aðalskrifstofa 93 243 1 1 8 343",False
"101 Forsætisráðuneyti, aðalskrifstofa 944 10 953 955 ( -2",False
"101 Forsætisráðuneyti, aðalskrifstofa.",False
"101 Forsætisráðuneyti, aðalskrifstofa. - - 2.502 - 2.502",False
"101 Forsætisráðuneyti, aðalskrifstofa. - - 35 - 35",False
"101 Forsætisráðuneyti, aðalskrifstofa. - - 572 - 572",False
"101 Forsætisráðuneyti, aðalskrifstofa. - - 629 - 629",False
"101 Forsætisráðuneyti, aðalskrifstofa. - 1.767 5.782 - 7.549",False
"101 Forsætisráðuneyti, aðalskrifstofa. - 200 1.263 - 1.463",False
"101 Forsætisráðuneyti, aðalskrifstofa. - 695 910 - 1.605",False
"101 Forsætisráðuneyti, aðalskrifstofa. - 876 5.415 519 6.810",False
"101 Forsætisráðuneyti, aðalskrifstofa. -12 143 21 36 - 188",False
"101 Forsætisráðuneyti, aðalskrifstofa. -187 221 34 6 40",False
"101 Forsætisráðuneyti, aðalskrifstofa. -215 239 23 40 63",False
"101 Forsætisráðuneyti, aðalskrifstofa. 30 - 6.763 - 6.793",False
"101 Forsætisráðuneyti, aðalskrifstofa. 40 205 - (9) 33 279",False
"101 Félags- og tryggingamálaráðuneyti,",False
101 Félagsmálaráðuneyti,False
"101 Félagsmálaráðuneyti,",False
"101 Félagsmálaráðuneyti, aðalskrifstof. -182 186 4 -3 1",False
"101 Félagsmálaráðuneyti, aðalskrifstofa",False
"101 Félagsmálaráðuneyti, aðalskrifstofa -218 219 1 -6 5",False
"101 Félagsmálaráðuneyti, aðalskrifstofa -234 246 12 5 s",False
"101 Félagsmálaráðuneyti, aðalskrifstofa -282 264 -18 s -12",False
"101 Félagsmálaráðuneyti, aðalskrifstofa -5 237 1 -l 10 241",False
"101 Félagsmálaráðuneyti, aðalskrifstofa -6 197 - 5 17",False
"101 Félagsmálaráðuneyti, aðalskrifstofa 107 85 - 23 23",False
"101 Félagsmálaráðuneyti, aðalskrifstofa 124 B4 23 40 17",False
"101 Félagsmálaráðuneyti, aðalskrifstofa 2 - - 2",False
"101 Félagsmálaráðuneyti, aðalskrifstofa 727 72 799 781 ( 17",False
"101 Félagsmálaráðuneyti, aðalskrifstofa s 261 - 3 - 270",False
"101 Félagsmálaráðuneyti, aðalskrifstofa. -150 152 2 3 SJ",False
"101 Félagsmálaráðuneyti, aðalskrifstofa. -181 173 -8 5 -3",False
"101 Félagsmálaráðuneyti, aðalskrifstofa. -214 207 =7 1 -6",False
"101 Félagsmálaráðuneyti, aðalskrifstofa. 1 178 10 (0) 19 208",False
"101 Heilbrigðis og tryggingamálaráðuneyti,",False
"101 Heilbrigðis- og tryggingamálaráðuneyti,",False
"101 Heilbrigðisráðuneyti,",False
"101 Heilbrigðisráðuneyti, ai - 2.023 19.269 - 21.292",False
"101 Heilbrigðisráðuneyti, aðalskrifstofa -19 547 - 20 548",False
"101 Heilbrigðisráðuneyti, aðalskrifstofa -6 491 -6 15 15 510",False
"101 Heilbrigðisráðuneyti, aðalskrifstofa 108 102 I 6 3",False
"101 Heilbrigðisráðuneyti, aðalskrifstofa 152 116 6 36 30",False
"101 Heilbrigðisráðuneyti, aðalskrifstofa 2 - - 2",False
"101 Heilbrigðisráðuneyti, aðalskrifstofa 29 599 - 10 637",False
"101 Heilbrigðisráðuneyti, aðalskrifstofa 684 249 933 931 ( 2",False
"101 Heilbrigðisráðuneyti, aðalskrifstofa.",False
"101 Innanríkisráðuneyti,",False
"101 Innanríkisráðuneyti, aðalskrifstof.",False
"101 Innanríkisráðuneyti, aðalskrifstofa",False
"101 Innanríkisráðuneyti, aðalskrifstofa .",False
"101 Innanríkisráðuneyti, aðalskrifstofa 1 704 - 14 730",False
"101 Innanríkisráðuneyti, aðalskrifstofa 16 71 2 9 738",False
"101 Innanríkisráðuneyti, aðalskrifstofa 189 183 11 6 5",False
"101 Innanríkisráðuneyti, aðalskrifstofa 20 732 3 8 747",False
"101 Innanríkisráðuneyti, aðalskrifstofa 25 722 - 46 792",False
"101 Innanríkisráðuneyti, aðalskrifstofa 35 690 23 10 757",False
"101 Innanríkisráðuneyti, aðalskrifstofa 50 5 48.674 - 48.728",False
"101 Innanríkisráðuneyti, aðalskrifstofa 87 - 54.517 - 54.604",False
"101 Innanríkisráðuneyti, aðalskrifstofa s 838 10 17 872",False
"101 Iðnaðarráðuneyti,",False
"101 Iðnaðarráðuneyti, - - 6.390 - 6.390",False
"101 Iðnaðarráðuneyti, aðalskrifstof.",False
"101 Iðnaðarráðuneyti, aðalskrifstof: - - 2.278 - 2.278",False
"101 Iðnaðarráðuneyti, aðalskrifstofa -116 118 2 1 3",False
"101 Iðnaðarráðuneyti, aðalskrifstofa -150 216 66 7 73",False
"101 Iðnaðarráðuneyti, aðalskrifstofa -153 148 -5 12 7",False
"101 Iðnaðarráðuneyti, aðalskrifstofa -3 s1 - 2 - 79",False
"101 Iðnaðarráðuneyti, aðalskrifstofa -81 83 2 -3 -1",False
"101 Iðnaðarráðuneyti, aðalskrifstofa -95 98 2 -1 1",False
"101 Iðnaðarráðuneyti, aðalskrifstofa 19 230 -5 1 255",False
"101 Iðnaðarráðuneyti, aðalskrifstofa 21 202 -1 1 233",False
"101 Iðnaðarráðuneyti, aðalskrifstofa 23 214 - - 237",False
"101 Iðnaðarráðuneyti, aðalskrifstofa 3 124 - - -6 120",False
"101 Iðnaðarráðuneyti, aðalskrifstofa 68 211 10 5 -19 275",False
"101 Iðnaðarráðuneyti, aðalskrifstofa 7 163 -2 3 53 223",False
"101 Iðnaðarráðuneyti, aðalskrifstofa.",False
"101 Iðnaðarráðuneyti, aðalskrifstofa. - - 1.072 - 1.072",False
"101 Iðnaðarráðuneyti, aðalskrifstofa. - - 3.265 39 3.304",False
"101 Iðnaðarráðuneyti, aðalskrifstofa. - - 3.353 - 3.353",False
"101 Iðnaðarráðuneyti, aðalskrifstofa. - - 7.718 7.903 15.621",False
"101 Iðnaðarráðuneyti, aðalskrifstofa. - 1 5.089 - 5.091",False
"101 Iðnaðarráðuneyti, aðalskrifstofa. -109 117 9 3 12",False
101 Landbúnaðarráðuneyti,False
"101 Landbúnaðarráðuneyti,",False
"101 Landbúnaðarráðuneyti, aðalskrifstof. -191 189 -2 5 3",False
"101 Landbúnaðarráðuneyti, aðalskrifstofa - - 13.593 - 13.593",False
"101 Landbúnaðarráðuneyti, aðalskrifstofa -1 134 - 9 - 142",False
"101 Landbúnaðarráðuneyti, aðalskrifstofa -208 234 26 12 38",False
"101 Landbúnaðarráðuneyti, aðalskrifstofa -212 228 17 5 12",False
"101 Landbúnaðarráðuneyti, aðalskrifstofa -217 209 8 3 5",False
"101 Landbúnaðarráðuneyti, aðalskrifstofa -5 219 1 -2 10 224",False
"101 Landbúnaðarráðuneyti, aðalskrifstofa 12 224 - 4 6 246",False
"101 Landbúnaðarráðuneyti, aðalskrifstofa 3 193 8 s 3 212",False
"101 Landbúnaðarráðuneyti, aðalskrifstofa 5 180 - - 9 195",False
"101 Landbúnaðarráðuneyti, aðalskrifstofa. -141 143 2 -1 1",False
"101 Landbúnaðarráðuneyti, aðalskrifstofa. -156 157 1 1 1",False
"101 Landbúnaðarráðuneyti, aðalskrifstofa. -183 187 4 1 5",False
101 Menntamálaráðuneyti,False
"101 Menntamálaráðuneyti,",False
"101 Menntamálaráðuneyti, aðalskrifstofa -14 451 25 1 63 537",False
"101 Menntamálaráðuneyti, aðalskrifstofa -15 554 1 -2 4 552",False
"101 Menntamálaráðuneyti, aðalskrifstofa -2 345 - 13 - 357",False
"101 Menntamálaráðuneyti, aðalskrifstofa -469 463 -6 -8 -14",False
"101 Menntamálaráðuneyti, aðalskrifstofa -551 551 -1 -14 -15",False
"101 Menntamálaráðuneyti, aðalskrifstofa -560 567 7 -15 7",False
"101 Menntamálaráðuneyti, aðalskrifstofa -577 585 8 7 1",False
"101 Menntamálaráðuneyti, aðalskrifstofa -8 432 4 - 28 455",False
"101 Menntamálaráðuneyti, aðalskrifstofa . -352 359 6 -2 5",False
"101 Menntamálaráðuneyti, aðalskrifstofa . -387 382 -5 5 (0)",False
"101 Menntamálaráðuneyti, aðalskrifstofa . -456 448 -8 (0) -8",False
"101 Menntamálaráðuneyti, aðalskrifstofa 1 596 4 19 23 643",False
"101 Menntamálaráðuneyti, aðalskrifstofa 21 48 1.755 - 1.824",False
"101 Menntamálaráðuneyti, aðalskrifstofa 560 551 8 15 552 7",False
"101 Menntamálaráðuneyti, aðalskrifstofa 577 560 17 3,0 578 1",False
"101 Menntamálaráðuneyti, aðalskrifstofa 66 44 3.727 - 3.836",False
"101 Menntamálaráðuneyti, aðalskrifstofa 7 578 - 4 4 578",False
"101 Menntamálaráðuneyti, aðalskrifstofa. - - 3.552 - 3.552",False
"101 Menntamálaráðuneyti, aðalskrifstofa. - 3 3.562 765 4.330",False
101 Samgönguráðuneyti -186 200 14 -17 -3,False
"101 Samgönguráðuneyti,",False
"101 Samgönguráðuneyti, aðalskrifstof: - 6 4.131 - 4.136",False
"101 Samgönguráðuneyti, aðalskrifstofa",False
"101 Samgönguráðuneyti, aðalskrifstofa - - 33.744 - 33.744",False
"101 Samgönguráðuneyti, aðalskrifstofa - 69 153 328 550",False
"101 Samgönguráðuneyti, aðalskrifstofa -0 213 4 - 23 240",False
"101 Samgönguráðuneyti, aðalskrifstofa -220 259",False
"101 Samgönguráðuneyti, aðalskrifstofa -300 320 20 35 55",False
"101 Samgönguráðuneyti, aðalskrifstofa -307 295 -12 47 35",False
"101 Samgönguráðuneyti, aðalskrifstofa . - - 362 - 362",False
"101 Samgönguráðuneyti, aðalskrifstofa . -189 197 8 -3 6",False
"101 Samgönguráðuneyti, aðalskrifstofa 1 234 - s 20 261",False
"101 Samgönguráðuneyti, aðalskrifstofa 239 -18 14 39",False
"101 Samgönguráðuneyti, aðalskrifstofa 35 288 - 4 28 355",False
"101 Samgönguráðuneyti, aðalskrifstofa 364 300 64 21,5 406 42",False
"101 Samgönguráðuneyti, aðalskrifstofa 47 277 1 -2 20 344",False
"101 Samgönguráðuneyti, aðalskrifstofa 55 320 - 7 24 406",False
"101 Samgönguráðuneyti, aðalskrifstofa. -230 225 -6 6 (9)",False
"101 Samgönguráðuneyti, aðalskrifstofa. -238 239 1 (0) 1",False
"101 Sjávarútvegsráðuneyti,",False
"101 Sjávarútvegsráðuneyti, aðalskrifstofa - - 3.799 - 3.799",False
"101 Sjávarútvegsráðuneyti, aðalskrifstofa -143 145 2 4 5)",False
"101 Sjávarútvegsráðuneyti, aðalskrifstofa -146 140 -6 9 4",False
"101 Sjávarútvegsráðuneyti, aðalskrifstofa -161 154 =7 5 -2",False
"101 Sjávarútvegsráðuneyti, aðalskrifstofa -173 180",False
"101 Sjávarútvegsráðuneyti, aðalskrifstofa -182 200 18 5 23",False
"101 Sjávarútvegsráðuneyti, aðalskrifstofa -196 221 25 23 48",False
"101 Sjávarútvegsráðuneyti, aðalskrifstofa . -134 138 3 6 9",False
"101 Sjávarútvegsráðuneyti, aðalskrifstofa 5 203 1 -l -2 206",False
"101 Sjávarútvegsráðuneyti, aðalskrifstofa. - - 4.130 - 4.130",False
"101 Umhverfis- og auðlindaráðuneyti,",False
"101 Umhverfis- og auðlindaráðuneyti, aðalskrifstofa 2 - - 2",False
101 Umhverfisráðuneyti,False
"101 Umhverfisráðuneyti,",False
"101 Umhverfisráðuneyti, aðalskrifstof: -234 236 2 1 2",False
"101 Umhverfisráðuneyti, aðalskrifstof: 3 168 9 21 - 200",False
"101 Umhverfisráðuneyti, aðalskrifstofa - - 12.541 - 12.541",False
"101 Umhverfisráðuneyti, aðalskrifstofa - - 14.082 - 14.082",False
"101 Umhverfisráðuneyti, aðalskrifstofa -203 197 -6 3 -3",False
"101 Umhverfisráðuneyti, aðalskrifstofa -214 276 2 2 4",False
"101 Umhverfisráðuneyti, aðalskrifstofa -218 222 4 -3 1",False
"101 Umhverfisráðuneyti, aðalskrifstofa -251 264",False
"101 Umhverfisráðuneyti, aðalskrifstofa -260 266 6 17 23",False
"101 Umhverfisráðuneyti, aðalskrifstofa -271 289 18 23 41",False
"101 Umhverfisráðuneyti, aðalskrifstofa .",False
"101 Umhverfisráðuneyti, aðalskrifstofa . 14.037 14.037",False
"101 Umhverfisráðuneyti, aðalskrifstofa 17 264 1 -2 3 283",False
"101 Umhverfisráðuneyti, aðalskrifstofa 20 296 -2 35 349",False
"101 Umhverfisráðuneyti, aðalskrifstofa 22 300 - 15 337",False
"101 Umhverfisráðuneyti, aðalskrifstofa 23 277 1 3 -2 312",False
"101 Umhverfisráðuneyti, aðalskrifstofa 27 315 -5 2 339",False
"101 Umhverfisráðuneyti, aðalskrifstofa 4 242 - 5 17 268",False
"101 Umhverfisráðuneyti, aðalskrifstofa 41 292 - 8 - 341",False
"101 Umhverfisráðuneyti, aðalskrifstofa.",False
"101 Umhverfisráðuneyti, aðalskrifstofa. 2 234 5 - 37 278",False
"101 Umhverfisráðuneyti, aðalskrifstoi - - 13.658 4 13.662",False
"101 Utanríkisráðuneyti,",False
"101 Utanríkisráðuneyti, aðalskrifstof. -824 763 -61 -12 -73",False
"101 Utanríkisráðuneyti, aðalskrifstofa",False
"101 Utanríkisráðuneyti, aðalskrifstofa -1.038 1.091 53 3 56",False
"101 Utanríkisráðuneyti, aðalskrifstofa -24 986 29 4 -6 91",False
"101 Utanríkisráðuneyti, aðalskrifstofa -42 851 50 16 -11 864",False
"101 Utanríkisráðuneyti, aðalskrifstofa -653 670 17 -31 -12",False
"101 Utanríkisráðuneyti, aðalskrifstofa -888 906 18 -42 -24",False
"101 Utanríkisráðuneyti, aðalskrifstofa -978 1.005 27 -24 3",False
"101 Utanríkisráðuneyti, aðalskrifstofa 3 988 79 9 15 1.094",False
"101 Utanríkisráðuneyti, aðalskrifstofa 826 62 75 -24 -2,8",False
"101 Utanríkisráðuneyti, aðalskrifstofa.",False
"101 Utanríkisráðuneyti, aðalskrifstofa. -31 607 2 rá 5 654",False
"101 Utanríkisráðuneyti, aðalskrifstofa. -825 835 10 -13 -63",False
"101 Utanríkisráðuneyti, aðalskrifstofa. -826 858 32 -63 -42",False
"101 Velferðarráðuneyti,",False
"101 Velferðarráðuneyti, aðalskrifstofa",False
"101 Velferðarráðuneyti, aðalskrifstofa - - 4 - 4",False
"101 Velferðarráðuneyti, aðalskrifstofa 15 1.003 24 23 1.064",False
"101 Velferðarráðuneyti, aðalskrifstofa 158 154 7 4 11",False
"101 Velferðarráðuneyti, aðalskrifstofa 16 864 -8 42 915",False
"101 Velferðarráðuneyti, aðalskrifstofa 179 186 4 7 -11",False
"101 Velferðarráðuneyti, aðalskrifstofa 3 914 2 20 939",False
"101 Velferðarráðuneyti, aðalskrifstofa 6 940 - 34 91",False
"101 Velferðarráðuneyti, aðalskrifstofa 63 851 21 43 936",False
"101 Velferðarráðuneyti, aðalskrifstofa 8 896 23 19 946",False
101 Viðskiptaráðuneyti,False
101 Viðskiptaráðuneyti aðalskrifstofa,False
"101 Viðskiptaráðuneyti,",False
"101 Viðskiptaráðuneyti, aðalskrifstof: - - 1.022 - 1.022",False
"101 Viðskiptaráðuneyti, aðalskrifstofa - - 651 - 651",False
"101 Viðskiptaráðuneyti, aðalskrifstofa - - 7.148 - 7.148",False
"101 Viðskiptaráðuneyti, aðalskrifstofa -108 112 4 -4 0",False
"101 Viðskiptaráðuneyti, aðalskrifstofa -112 113 1 2 4",False
"101 Viðskiptaráðuneyti, aðalskrifstofa -119 120 1 (0) 2",False
"101 Viðskiptaráðuneyti, aðalskrifstofa -128 137 9 4 12",False
"101 Viðskiptaráðuneyti, aðalskrifstofa -137 138 1 12 13",False
"101 Viðskiptaráðuneyti, aðalskrifstofa -138 138 1 13 14",False
"101 Viðskiptaráðuneyti, aðalskrifstofa -162 160 2 14 12",False
"101 Viðskiptaráðuneyti, aðalskrifstofa 12 121 - 3 15 150",False
"101 Viðskiptaráðuneyti, aðalskrifstofa 12 170 23 5 42 251",False
"101 Viðskiptaráðuneyti, aðalskrifstofa 128 9 6,9 13 8,7",False
"101 Viðskiptaráðuneyti, aðalskrifstofa 13 127 12 -l - 152",False
"101 Viðskiptaráðuneyti, aðalskrifstofa 14 129 39 1 -9 173",False
"101 Viðskiptaráðuneyti, aðalskrifstofa 4 102 - 10 - 108",False
"101 Viðskiptaráðuneyti, aðalskrifstofa. - - 579 44 623",False
"101 Viðskiptaráðuneyti, aðalskrifstofa. 4 116 - - 21 141",False
"101 forsaetisraduneyti, adalskrifstofa ....",False
"101 lönaðarráðuneyti, aðalskrifstofa -128 128 ( 12 12",False
"101 lönaðarráðuneyti, aðalskrifstofa 12 149 1 -l - 160",False
"101 | Samgönguráðuneyti, aðalskrifstofa",False
"101 |lðnaðarráðuneyti, aðalskrifstofa 12 139 - 4 -15",False
101 Þýðingamiðstöð utanríkisráðuneyti,False
101 Þýðingamiðstöð utanríkisráðuneytis,False
101 Þýðingamiðstöð utanríkisráðuneytis.,False
"101 —Sjávarútvegsráðuneyti, aðalskrifstofa -2 168 - 4 8 178",False
"101 —Sjávarútvegsráðuneyti, aðalskrifstofa 23 220 -2 3 - 244",False
"10101  Samgönguráðuneyti,",False
"10101 Samgönguráðuneyti,",False
104 Tölvumiðstöð dómsmálaráðuneytis - - 34 - 20 54,False
"104 Tölvumiðstöð dómsmálaráðuneytis - 31 A 23 42,3",False
104 Tölvumiðstöð dómsmálaráðuneytis -31 54 23 - 23,False
"11 101 Iðnaðarráðuneyti,",False
"11 101 Iðnaðarráðuneyti, aðalskrifstofa",False
"11 101 Iðnaðarráðuneyti, aðalskrifstofa.",False
"11 101 Iðnaðarráðuneyti, aðalskrifstofa. 1.000",False
"11 101 lðnaðarráðuneyti, aðalskrifstofa -18.745 EA -",False
"11 401 Byggðaáætlui 01 101 Forsætisráðuneyti, aðalskrifstofa",False
11 Iðnaðarráðuneyti,False
"11 Iðnaðarráðuneyti 2.891 2.972 -81 -2,7 3.295 404 12,3",False
"11 Iðnaðarráðuneyti 4.203 3.374 829 24,6 5.051 848 16,8",False
"11 Iðnaðarráðuneyti 4.732 2.891 1.841 63,7 5.035 303 6,0",False
11.30 Stjórnsýsla samgönguráðuneytis - -,False
"1101 Forsætisráðuneyti, aðalskrifstofa 34.000",False
111 Þýðingamiðstöð utanríkisráðuneyti - 3.713 - - 3.713,False
111 Þýðingamiðstöð utanríkisráðuneytis () 137 29 4 - 71,False
111 Þýðingamiðstöð utanríkisráðuneytis - -1.571 - 419 -1.152,False
111 Þýðingamiðstöð utanríkisráðuneytis - 102 - - 102,False
111 Þýðingamiðstöð utanríkisráðuneytis - 885 163 - 1.048,False
111 Þýðingamiðstöð utanríkisráðuneytis 116 143 45 1 305,False
111 Þýðingamiðstöð utanríkisráðuneytis 122 301 245 1 679,False
111 Þýðingamiðstöð utanríkisráðuneytis 16 279 - s 301,False
111 Þýðingamiðstöð utanríkisráðuneytis 2 - - 2,False
111 Þýðingamiðstöð utanríkisráðuneytis 2 - - a,False
111 Þýðingamiðstöð utanríkisráðuneytis 26 36 5 „1 -15,False
111 Þýðingamiðstöð utanríkisráðuneytis 308 544 21 - 874,False
111 Þýðingamiðstöð utanríkisráðuneytis 329 265 - - 594,False
111 Þýðingamiðstöð utanríkisráðuneytis 330 1 332 -344 () -12,False
111 Þýðingamiðstöð utanríkisráðuneytis 333 2 335 332 o 3,False
111 Þýðingamiðstöð utanríkisráðuneytis 36 35 14 2 -12,False
111 Þýðingamiðstöð utanríkisráðuneytis 362 2 364 379 ( -15,False
111 Þýðingamiðstöð utanríkisráðuneytis 37 32 2 5 3,False
111 Þýðingamiðstöð utanríkisráðuneytis 37 36 - 1 1,False
111 Þýðingamiðstöð utanríkisráðuneytis 386 7 392 391 ( 1,False
111 Þýðingamiðstöð utanríkisráðuneytis 49 356 - - 406,False
111 Þýðingamiðstöð utanríkisráðuneytis 8 312 - - 320,False
"111 Þýðingamiðstöð utanríkisráðuneytis, - - 2 - 2",False
"11101 Iðnaðarráðuneyti,",False
"11101 lðnaðarráðuneyti,",False
"12 101 Efnahags- og viðskiptaráðuneyti,",False
"12 101 Efnahags- og viðskiptaráðuneyti, aðalskrifstofa",False
12 101 Viðskiptaráðuneyti,False
"12 101 Viðskiptaráðuneyti, aðalskrifstof;",False
"12 101 Viðskiptaráðuneyti, aðalskrifstofa",False
"12 101 Viðskiptaráðuneyti, aðalskrifstofa . 12.000",False
"12 101 Viðskiptaráðuneyti, aðalskrifstofa 15.000",False
"12 101 Viðskiptaráðuneyti, aðalskrifstofa 3.000",False
"12 101 Viðskiptaráðuneyti, aðalskrifstofa 6.500",False
"12 101 Viðskiptaráðuneyti, aðalskrifstofa 7.177",False
12 Efnahags- og viðskiptaráðuneyti,False
12 Efnahags- og viðskiptaráðuneyti 18.900,False
12 Viðskiptaráðuneyti,False
"12 Viðskiptaráðuneyti 1.337 7 0,6 159 106",False
12 Viðskiptaráðuneyti 7.000,False
"12 Viðskiptaráðuneyti.. 1.337 1.419 -81 -5,7 1.463 126 8,6",False
12 Viðskiptaráðuneyti.. 9.000 14 199 Ráðstöfunarfé.. -8.000,False
12 | Viðskiptaráðuneyti,False
"12101 Viðskiptaráðuneyti,",False
14  Umhverfisráðuneyti.,False
"14 101 Umhverfis- og auðlindaráðuneyti,",False
"14 101 Umhverfis- og auðlindaráðuneyti, aðalskrifstofa",False
"14 101 Umhverfisráðuneyti,",False
"14 101 Umhverfisráðuneyti, aðalskrifstofa",False
"14 101 Umhverfisráðuneyti, aðalskrifstofa . 589",False
"14 101 Umhverfisráðuneyti, aðalskrifstofa.",False
"14 101 Umhverfisráðuneyti, aðalskrifstofa.. 29.000",False
"14 101 Umhverfisráðuneyti, aðalskrifstofa... 16.600",False
14 199 Ráðstöfunarf 8.000 11 Iðnaðarráðuneyti -29.500,False
14 212 Vatnajökulsþjóðgarður 700 11 Iðnaðarráðuneyti -62.952,False
14 Umhverfis- og auðlindaráðuneyti 285.900,False
14 Umhverfisráðuneyti,False
"14 Umhverfisráðuneyti 4.233 4.318 -85 -2,0 5.165 932 180",False
14 | Umhverfis og auðlindaráðuneyti,False
14 | Umhverfis- og auðlindaráðuneyti,False
14 — Umhverfis- og auðlindaráðuneyti,False
14 — Umhverfisráðuneyti .,False
"14101  Umhverfisráðuneyti,",False
198 Ýmis ferðamál iðnaðarráðuneytis,False
198 Ýmis ferðamál iðnaðarráðuneytis 10.685 5.000 ETA NA,False
198 Ýmis ferðamál iðnaðarráðuneytis 2.952 — 10.685 5.100,False
198 Ýmis ferðamál iðnaðarráðuneytis 5.000 - 17.400 j,False
198 Ýmis framlög félagsmálaráðuneytis,False
198 Ýmis framlög félagsmálaráðuneytis 34.429 -  62.350,False
198 Ýmis framlög heilbrigðisráðuneytis.,False
198 Ýmis framlög innanríkisráðuneyti: 49.397 26.552 73.186,False
198 Ýmis framlög innanríkisráðuneytis,False
198 Ýmis framlög landbúnaðarráðuneyti 26.585 - — 40.600,False
198 Ýmis framlög menntamálaráðuneytis..  151.433 —  64.985,False
198 Ýmis framlög umhverfisráðuneytis .,False
198 Ýmis framlög umhverfisráðuneytis . 34.523 -  94.944,False
198 Ýmis framlög umhverfisráðuneytis.,False
198 Ýmis framlög velferðarráðuneytis,False
198 Ýmis framlög velferðarráðuneytis 25.449 33.226 29.900,False
198 Ýmis framlög velferðarráðuneytis 33.226 90.409 6.800,False
198 Ýmis framlög velferðarráðuneytis 90.409 9.856 -14.500,False
198 Ýmis verkefni iðnaðarráðuneyti,False
198 Ýmis verkefni iðnaðarráðuneyti 194 = 13.600,False
198 Ýmis verkefni iðnaðarráðuneytis,False
198 Ýmis verkefni iðnaðarráðuneytis.,False
198 Ýmis verkefni iðnaðarráðuneytis. 27.426 194 — 27.400,False
198 Ýmis verkefni menntamálaráðuneytis Skuldir og eigið fé,False
1l Iðnaðarráðuneyti,False
1l1 Þýðingamiðstöð utanríkisráðuneytis 16 165 50 1 232,False
"2.000 02 101 Menntamálaráðuneyti, aðalskrifstofa  5.472",False
"20.000 02 101 Menntamálaráðuneyti, aðalskrifstofa 2.419",False
201 Fasteignir forsætisráðuneyti -3 3 21 1 - 50,False
201 Fasteignir forsætisráðuneytis - 8 () - 8,False
201 Fasteignir forsætisráðuneytis -10 103 - 30 123,False
201 Fasteignir forsætisráðuneytis -51 52 1 -3 1,False
201 Fasteignir forsætisráðuneytis -53 63 10 -6 4,False
201 Fasteignir forsætisráðuneytis -56 s1 -5 -1 -6,False
201 Fasteignir forsætisráðuneytis -74 80 6 8 14,False
201 Fasteignir forsætisráðuneytis -85 75 -10 14 3,False
201 Fasteignir forsætisráðuneytis -97 83,False
201 Fasteignir forsætisráðuneytis 12 - B 12,False
201 Fasteignir forsætisráðuneytis 12 18 - 30,False
201 Fasteignir forsætisráðuneytis 14 75 - - - 88,False
201 Fasteignir forsætisráðuneytis 141 64 16 77 62,False
201 Fasteignir forsætisráðuneytis 147 76 69 7 1,False
201 Fasteignir forsætisráðuneytis 160 135 71 25 -46,False
201 Fasteignir forsætisráðuneytis 170 26 196 -195 o 1,False
201 Fasteignir forsætisráðuneytis 2 91 - 7 100,False
201 Fasteignir forsætisráðuneytis 20 109 5 19 153,False
201 Fasteignir forsætisráðuneytis 205 - 205 250 ( -46,False
201 Fasteignir forsætisráðuneytis 22 68 - 1 Sv,False
201 Fasteignir forsætisráðuneytis 23 103 - 1 127,False
201 Fasteignir forsætisráðuneytis 258 - 258 257 () 1,False
201 Fasteignir forsætisráðuneytis 277 3 281 219 o 62,False
201 Fasteignir forsætisráðuneytis 3 76 28 1 s 114,False
201 Fasteignir forsætisráðuneytis 3 97 - 20 120,False
201 Fasteignir forsætisráðuneytis 30 102 - - 132,False
201 Fasteignir forsætisráðuneytis 38 59 i 8 74,False
201 Fasteignir forsætisráðuneytis 4 57 - - - 60,False
201 Fasteignir forsætisráðuneytis 43 79 - 20 142,False
201 Fasteignir forsætisráðuneytis 8 75 - - s 88,False
201 Fasteignir forsætisráðuneytis 85 69 15 16 (),False
201 Fasteignir forsætisráðuneytis. - - 1.132 - 1.132,False
201 Fasteignir forsætisráðuneytis. - - 2.564 - 2.564,False
201 Fasteignir forsætisráðuneytis. - - 3.392 - 3.392,False
201 Fasteignir forsætisráðuneytis. - - 40 - 40,False
201 Fasteignir forsætisráðuneytis. - - 485 - 485,False
201 Fasteignir forsætisráðuneytis. -38 57 19 4 22,False
300 | 08 Heilbrigðis- og tryggingamálaráðuneyti. -26.353,False
4.400 08 Heilbrigðis- og tryggingamálaráðuneyti...  92.070,False
"5.000 07 101 Félagsmálaráðuneyti, aðalskrifstofa.. 16.176",False
529 Fasteignir forsætisráðuneyti,False
529 Fasteignir forsætisráðuneytis 77.173,False
529 Fasteignir forsætisráðuneytis..,False
"76 07 101 Félagsmálaráðuneyti, aðalskrifstofa",False
"769 02 101 Menntamálaráðuneyti, aðalskrifstofa 1.046",False
"A 07 101 Félagsmálaráðuneyti, aðalskrifstofa",False
"A L 03 101 Utanríkisráðuneyti, aðalskrifstofa 5.000",False
"A-hluti. Æðsta stjórn ríkisins, ráðuneyti og rík-",False
Aðstoð við fiskimálaráðuneytið í Mósambík 137 128 - -,False
Dóms- og kirkjumálaráðuneyti 26 13.883 14.615 12.901,False
"FOR —Forsætisráðuneyti, aðalskrifstofa 26 27 28 28 2019-2021",False
"FOR —Forsætisráðuneyti, aðalskrifstofa 5 5 5 5 2021",False
Fjármála- og efnahagsráðuneyti 1.306 1.306 1.306 1.306,False
Fjármálaráðuneyti 1.245 1.245 1.245 1.245,False
Forsætisráðuneyti 28 - - -,False
"Heilbrigðis- og tryggingamálaráðuneyti,",False
Helstu yfirlit sem sýnd eru fyrir einstök ráðuneyti og,False
Helstu yfirlit sem sýnd eru fyrir ráðuneyti og,False
Innanríkisráðuneyti 6.250 6.250 6.250 6.250,False
Innanríkisráðuneyti 6.629 6.250 5.812 5.812,False
Iðnaðarráðuneyti 410 410 69 43,False
"NR 06 101 Dóms- og kirkjumálaráðuneyti, aðalskrifstofa 3.121",False
Niðurlagning Markaðsskrifstofu iðnaðarráðuneytisin: 22,False
"O1101 Forsætisráðuneyti, aðalskrifstofa - 1900",False
"O1101 —Forsætisráðuneyti, aðalskrifstofa -10.000",False
"Ráðuneyti 559 570 6,5 6,7 0,2 63 6,5 0,2",False
"Ráðuneyti 561 545 5,8 6,1 0,3 54 6,0 0,6",False
"Ráðuneyti 565 561 6,3 6,5 0,2 5,8 6,1 0,3",False
Umhverfis- og auðlindaráðuneyti 167 155 121 112,False
Umhverfis- og auðlindaráðuneyti 34 10.404 12.961 9.855 9.343,False
Umhverfis- og auðlindaráðuneyti 34 9.240 11.478 9.048,False
Umhverfis- og auðlindaráðuneyti 34 9.343 12.372 10.174 9.240,False
Umhverfisráðuneyti . 34 3.469 4.042 3.290,False
Umhverfisráðuneyti 34 4.198 4.985 3.469,False
Umhverfisráðuneyti 35 2.842 3.622 2.550,False
Umhverfisráðuneyti 36 8.516 10.325 7.480,False
Umhverfisráðuneyti 38 6.869 9.026 $.071,False
Umhverfisráðuneyti 38 6.937 9.679 6.869,False
Umhverfisráðuneyti 38 7.480 9.701 6.937,False
Umhverfisráðuneyti 39 4.233 5.165 4.318,False
Umhverfisráðuneyti 40 4.472 5.916 4.233,False
Umhverfisráðuneyti 40 5.270 6.976 4.472,False
Umhverfisráðuneyti 55 85 50 50,False
Utanríkisráðuneyti 708 524 527 201,False
Vefrit fjármálaráðuneytisins,False
Velferðarráðuneyti 11.240 11.240 11.240 11.240,False
Velferðarráðuneyti 11.813 11.532 11.460 11.438,False
Viðskiptaráðuneyti 32 1.450 1.580 1.404,False
Viðskiptaráðuneyti 32 1.468 1.611 1.450,False
Viðskiptaráðuneyti 33 1.404 1.483 1.278,False
Viðskiptaráðuneyti 37 1.337 1.463 1.419,False
Viðskiptaráðuneyti 37 1.345 1.504 1.337,False
Viðskiptaráðuneyti 38 1.377 1.592 1.345,False
Viðskiptaráðuneyti 38 1.724 1.974 1.377,False
Viðskiptaráðuneyti. 32 1.419 1.507 1.468,False
"a En AR iði 09 101 Fjármálaráðuneyti, aðalskrifstofa 17.500",False
"atvinnuveganna 03 101 Utanríkisráðuneyti, aðalskrifstofa",False
auðlindaráðuneyti,False
"auðlindaráðuneyti, aðalskrifstof. - - 16.731 2.000 18.731",False
"auðlindaráðuneyti, aðalskrifstof. - 280 48.149 - 48.428",False
"auðlindaráðuneyti, aðalskrifstofa",False
"auðlindaráðuneyti, aðalskrifstofa - - 23.467 750 24.217",False
"auðlindaráðuneyti, aðalskrifstofa 379 327 53 16,1 426 47 109",False
"auðlindaráðuneyti, aðalskrifstofa 445 379 66 17,3 464 19",False
"auðlindaráðuneyti, aðalskrifstofa 465 473 -9 -18 477 13 27",False
"auðlindaráðuneyti, aðalskrifstofa 473 445 28 63 506 33 65",False
"auðlindaráðuneyti, aðalskrifstofa 529 465 65 13,9 541 1 21",False
"auðlindaráðuneyti, aðalskrifstofa 706 5 4 16 721 71 792",False
"auðlindaráðuneyti, aðalskrifstofa. - - 43.234 7.923 51.156",False
"auðlindaráðuneyti, aðalskrifstofa. - 253 48.123 398 48.774",False
aðalskrifstofu ráðuneytisins.,False
d dóms- og kirkjumálaráðuneytis,False
d fjármálaráðuneytis,False
d félagsmálaráðuneytis,False
d samgönguráðuneytis,False
d sjávarútvegsráðuneytis,False
d umhverfisráðuneytis,False
d utanríkisráðuneytis,False
d viðskiptaráðuneytis,False
doms- og kirkjumalaraduneyti,False
dóms- og kirkjumálaráðuneytis .,False
dóms- og kirkjumálaráðuneytis ..,False
dómsmálaráðuneytis 31.050 - 31.050 53.800 22.750,False
"dómsmálaráðuneytis 31.050 - 31.050 ER 53.800 22.750 42,3",False
efnahagsráðuneyti,False
"efnahagsráðuneyti, aðalskrifstofa",False
"efnahagsráðuneyti, aðalskrifstofa 168 - 58.501 7.365 66.033",False
"efnahagsráðuneyti, aðalskrifstofa 230 - 74.944 3.961 79.135",False
"efnahagsráðuneyti, aðalskrifstofa NN",False
"efnahagsráðuneyti, aðalskrifstofa UN",False
"efnahagsráðuneyti, aðalskrifstofa. - - 5.686 3.133 8.820",False
"efnahagsráðuneyti, aðalskrifstofa. - 6 11.572 6.735 18.312",False
"efnahagsráðuneyti, aðalskrifstofa. 130 - 9.578 27.868 37.576",False
efnahagsráðuneytis.,False
"eða 10,7% og atvinnuvega- og nýsköpunarráðuneytis 29.121",False
"eða 11,2% og atvinnuvega- og nýsköpunarráðuneytis 30.750",False
"eða 11,3% og atvinnuvega- og nýsköpunarráðuneytis 28.786",False
felagsmalaraduneyti,False
fjarmalaraduneyti,False
fjárlagafrumvarpi þar sem ráðuneyti hafa tekið saman árlegar,False
fjármálaráðuneytis.,False
forsætisráðuneyti: - 38.151 -38.151 ER - - ER,False
forsætisráðuneytis,False
forsætisráðuneytis (2009: 03 101) ...... = 44.206 =,False
forsætisráðuneytis . 97.070 - 97.070 a 104.852 7.182 74,False
forsætisráðuneytis ...,False
forsætisráðuneytis..,False
heilbrigdis- og,False
heilbrigdis- og tryggingamalaraduneyti,False
heilbrigðisráðuneytisins . - 13,False
heilbrigðisráðuneytisins 13 17.744,False
heilbrigðisráðuneytisins... 17.744 — 16.254 — 30.700,False
"heildinni, menntamálaráðuneyti 11,7%, fjármála-",False
idnadarraduneyti,False
"indaráðuneyti, aðalskrifstofa.",False
"kirkjumálaráðuneyti,",False
"kirkjumálaráðuneyti, aðalskrifstofa.",False
"kr. eða 11,5% og atvinnuvega- og nýsköpunarráðuneytis 30.457",False
landbunadarraduneyti,False
landbúnaðarráðuneyti,False
"landbúnaðarráðuneyti 18.985 18.613 372 2,0 22.059 3.074 139",False
"landbúnaðarráðuneyti,",False
"landbúnaðarráðuneyti, aðalskrifstof.",False
"landbúnaðarráðuneyti, aðalskrifstofa 450 439 1 25 519 69 133",False
"landbúnaðarráðuneyti, aðalskrifstofa 86 433 22 12 - 553",False
"landbúnaðarráðuneyti, aðalskrifstofa. - - 2.306 - 2.306",False
"landbúnaðarráðuneyti, aðalskrifstofa. - - 2.734 - 2.734",False
"landbúnaðarráðuneyti, aðalskrifstofa. - - 5.867 - 5.867",False
"m.a. aðalskrifstofa félags- og tryggingamálaráðuneytisins,",False
mannréttindaráðuneyti,False
"mannréttindaráðuneyti 28.742 26.935 1.808 6,7 29.191 449 15",False
mannsembættanna og tölvumiðstöðvar ráðuneytisins.,False
menningarmálaráðuneyti,False
menningarmálaráðuneytis,False
menningarmálaráðuneytis Eigið fé,False
menningarmálaráðuneytis.,False
menntamalaraduneyti,False
menntamálaráðuneytis . 59.485 | 69.777 — 104.100,False
menntamálaráðuneytis.,False
menntamálaráðuneytis. 11.047 8.715 — 10.086,False
menntamálaráðuneytis. 120.516 — 59.485 —119.900|,False
menntamálaráðuneytis. 8.715 -,False
"málaráðuneyti,",False
"málaráðuneyti, aðalskrifstofa",False
"málaráðuneyti, aðalskrifstofa - -5.900",False
"málaráðuneyti, aðalskrifstofa -1.513 283.600 - 6.300 288.387",False
"málaráðuneyti, aðalskrifstofa -30.000 -",False
"málaráðuneyti, aðalskrifstofa . 2.000",False
"málaráðuneyti, aðalskrifstofa . 898.901 — 856.841 | 896.000",False
"málaráðuneyti, aðalskrifstofa 02199 Ráðstöfunarfé 5.900",False
"málaráðuneyti, aðalskrifstofa 1.095 - 8 6 1.109 31 1.140",False
"málaráðuneyti, aðalskrifstofa 1.100",False
"málaráðuneyti, aðalskrifstofa 1.104 1.140 36 6 4 -2",False
"málaráðuneyti, aðalskrifstofa 1.140 1.189 49 8 33 26",False
"málaráðuneyti, aðalskrifstofa 11.195 - 11.195 2.687 - 2.687",False
"málaráðuneyti, aðalskrifstofa 1148 8 7 6 1153 36 1.189",False
"málaráðuneyti, aðalskrifstofa 18 1070 -1 5 8 -6 1.086",False
"málaráðuneyti, aðalskrifstofa 18 1070 -1 = 8 -6 1.086",False
"málaráðuneyti, aðalskrifstofa 2.500",False
"málaráðuneyti, aðalskrifstofa 26.940",False
"málaráðuneyti, aðalskrifstofa 4.200",False
"málaráðuneyti, aðalskrifstofa 599 644 -45 -7,0 636 37 5,8",False
"málaráðuneyti, aðalskrifstofa 644 644 1 01 652 8 12",False
"málaráðuneyti, aðalskrifstofa 689 599 90 15,1 719 30 41",False
"málaráðuneyti, aðalskrifstofa 7.000",False
"málaráðuneyti, aðalskrifstofa 7.863 02999 Ýmislegt 33.900",False
"málaráðuneyti, aðalskrifstofa 837 864 -27 -3,2 864 28 3,2",False
"málaráðuneyti, aðalskrifstofa 854 689 164 238 872 19 22",False
"málaráðuneyti, aðalskrifstofa 864 854 10 12 894 30 34",False
"málaráðuneyti, aðalskrifstofa 871.596 — 709.096 — 846.340",False
"málaráðuneyti, aðalskrifstofa 896 837 59 71 905 9 10",False
"málaráðuneyti, aðalskrifstofa 9.000 02982 Listi framlög 2037",False
"málaráðuneyti, aðalskrifstofa). 542.603 518.033 520.841 g",False
"málaráðuneyti, aðalskrifstofa. - - 2.881 16.854 19.735",False
"málaráðuneyti, aðalskrifstofa. - - 2773 213 2.986",False
"málaráðuneyti, aðalskrifstofa. - - 4.579 1.816 6.394",False
"málaráðuneyti, aðalskrifstofa. - - 60.682 - 60.682",False
"málaráðuneyti, aðalskrifstofa. - - 7.885 10.196 18.082",False
"málaráðuneyti, aðalskrifstofa. - - 8.133 - 8.133",False
"málaráðuneyti, aðalskrifstofa. - 1.317 81.254 20.460 103.031",False
"málaráðuneyti, aðalskrifstofa. - 33 11.404 8.853 20.290",False
"málaráðuneyti, aðalskrifstofa. 20 - 58.481 - 58.501",False
"málaráðuneyti, aðalskrifstofa. 709.096 | 605.475 | 685.700",False
"málaráðuneyti, aðalskrifstofa. 856.841 | 882.876",False
"málaráðuneyti, aðalskrifstofa... 2.290 - 2.290 329 - 329",False
"málaráðuneyti, aðalskrifstofa... ER - - 3.484 15.174 18.659",False
"narráðuneyti, aðalskrifstofa 386.309 455.113 421.600",False
nýsköpunarráðuneyti,False
"nýsköpunarráðuneyti,",False
"nýsköpunarráðuneyti, aðalskrifstofa",False
"nýsköpunarráðuneyti, aðalskrifstofa - - 1.549 2.430 3.978",False
"nýsköpunarráðuneyti, aðalskrifstofa - - 1.822 - 1.822",False
"nýsköpunarráðuneyti, aðalskrifstofa - - 14.535 4.717 19.252",False
"nýsköpunarráðuneyti, aðalskrifstofa - - 4.873 5.700 10.573",False
"nýsköpunarráðuneyti, aðalskrifstofa - -4.400",False
"nýsköpunarráðuneyti, aðalskrifstofa - 30.000",False
"nýsköpunarráðuneyti, aðalskrifstofa 107 1021 - 9 10 9 1138",False
"nýsköpunarráðuneyti, aðalskrifstofa 990 - 8 4 1.003 141 1144",False
og auðlindaráðuneyti,False
og auðlindaráðuneytis.,False
og kirkjumálaráðuneytis,False
"og kirkjumálaráðuneytis - -13.574 13.574 -100,0 - - -",False
og kirkjumálaráðuneytis -14 234 -247 -42 29 678,False
og kirkjumálaráðuneytis 5 171 - - 9 185,False
"og kirkjumálaráðuneytis = -14 14 -100,0 = - -",False
og kirkjumálaráðuneytis........... - - - -28.592 - -28.592,False
og landbúnaðarráðuneyti,False
og landbúnaðarráðuneytis,False
og landbúnaðarráðuneytis 144.080 — 117.254 — 132.000,False
og landbúnaðarráðuneytis. „ 187.132 | 88.250 | 108.300,False
og menningamálaráðuneyti. - 458 -,False
og menningarmálaráðuneytis.,False
og menningarmálaráðuneytis. 458 1.450 - | Höfuðstóll,False
og nýsköpunarráðuneytis,False
og nýsköpunarráðuneytis ..,False
og tryggingamálaráðuneytis .,False
og tryggingamálaráðuneytis .. „CC 88.734 — 34.633 — 27.190,False
og tryggingamálaráðuneytis 28.042 —  38.734 1.600,False
og tryggingamálaráðuneytisins.. 17.413 — 15.038 — 2810) —,False
og tryggingamálaráðuneytisins....,False
reiknar. málaráðuneyti um sömu fjárhæð. Eftirfarandi yfir-,False
"ráðuneyti, aðalskrifstof: - - 241 2.349 2.591",False
"ráðuneyti, aðalskrifstof: 17 - 17 -5.342 - -5.342",False
"ráðuneyti, aðalskrifstofa - -10.000",False
"ráðuneyti, aðalskrifstofa - -15.000",False
"ráðuneyti, aðalskrifstofa - -15.500",False
"ráðuneyti, aðalskrifstofa - -6.000",False
"ráðuneyti, aðalskrifstofa - -8.800",False
"ráðuneyti, aðalskrifstofa - 10.000",False
"ráðuneyti, aðalskrifstofa - 11.700",False
"ráðuneyti, aðalskrifstofa - 18.100",False
"ráðuneyti, aðalskrifstofa - 574 3 4 4 25 602",False
"ráðuneyti, aðalskrifstofa - 6.700",False
"ráðuneyti, aðalskrifstofa -15.000",False
"ráðuneyti, aðalskrifstofa .. -3 391 20 - 11 419",False
"ráðuneyti, aðalskrifstofa 02199 Ráðstöfunarfé - 6.000",False
"ráðuneyti, aðalskrifstofa 1 975 24 2 9 s 1013",False
"ráðuneyti, aðalskrifstofa 1.055 1.086 31 6 5 1",False
"ráðuneyti, aðalskrifstofa 1.188 1012 176 174 1.212 24 20",False
"ráðuneyti, aðalskrifstofa 1.345 1.487 141 13 22 9",False
"ráðuneyti, aðalskrifstofa 1.357 1.452 95 12 17 6",False
"ráðuneyti, aðalskrifstofa 1012 927 85 9,2 1.030 18 7",False
"ráðuneyti, aðalskrifstofa 107 1021 - 9 10 9 1138",False
"ráðuneyti, aðalskrifstofa 1385 - 12 - 1.398 55 1452",False
"ráðuneyti, aðalskrifstofa 1392 1447 -55 20 22 -2",False
"ráðuneyti, aðalskrifstofa 1397 -10 15 -10 1391 9 1487",False
"ráðuneyti, aðalskrifstofa 14.500 06 201 Hæstiréttur 4.700",False
"ráðuneyti, aðalskrifstofa 19.049 - 19.049 37.243 - 37.243",False
"ráðuneyti, aðalskrifstofa 23.600 06701 Þjóðkirkjan 64.700",False
"ráðuneyti, aðalskrifstofa 24 652 - 2 4 1 671",False
"ráðuneyti, aðalskrifstofa 258 27 -13 47 313 55 175",False
"ráðuneyti, aðalskrifstofa 271 224 47 21,0 299 28 94",False
"ráðuneyti, aðalskrifstofa 297 272 25 9,1 288 -8 -2,8",False
"ráðuneyti, aðalskrifstofa 300 282 18 6,5 295 5 16",False
"ráðuneyti, aðalskrifstofa 315 258 56 218 342 27 79",False
"ráðuneyti, aðalskrifstofa 318 340 -22 -6,4 314 5 15",False
"ráðuneyti, aðalskrifstofa 32.651 - 32.651 74.003 - 74.003",False
"ráðuneyti, aðalskrifstofa 340 300 40 13,4 331 90 27",False
"ráðuneyti, aðalskrifstofa 347 384 -36 -9,4 344 4 Ll",False
"ráðuneyti, aðalskrifstofa 38 1.000 - 8 12 9 1.050",False
"ráðuneyti, aðalskrifstofa 384 389 -5 13 385 1 0,2",False
"ráðuneyti, aðalskrifstofa 45.330 - 45.330 32.651 - 32.651",False
"ráðuneyti, aðalskrifstofa 465 471 -S -13 503 38 75",False
"ráðuneyti, aðalskrifstofa 471 450 21 47 506 35 6,9",False
"ráðuneyti, aðalskrifstofa 55.900 06 190 Ýmis verkefni 8.400",False
"ráðuneyti, aðalskrifstofa 575 602 -26 2 2 (9)",False
"ráðuneyti, aðalskrifstofa 58 1392 5 -10 12 - 1447",False
"ráðuneyti, aðalskrifstofa 599 623 -24 2 2 -",False
"ráðuneyti, aðalskrifstofa 620 671 -51 4 9 -6",False
"ráðuneyti, aðalskrifstofa 668 739 7 5 8 3",False
"ráðuneyti, aðalskrifstofa 685 - 4 - 689 50 739",False
"ráðuneyti, aðalskrifstofa 7.142",False
"ráðuneyti, aðalskrifstofa 716 792 76 2 5 3",False
"ráðuneyti, aðalskrifstofa 749 649 99 15,3 749 1 0,1",False
"ráðuneyti, aðalskrifstofa 79.945 - 79.945 121.172 - 121.172",False
"ráðuneyti, aðalskrifstofa 8.800",False
"ráðuneyti, aðalskrifstofa 801 890 -88 -9,9 788 -13 -17",False
"ráðuneyti, aðalskrifstofa 804 801 3 04 799 5 07",False
"ráðuneyti, aðalskrifstofa 83.662 - 83.662 45.644 - 45.644",False
"ráðuneyti, aðalskrifstofa 883 804 78 9,7 921 38 4,2",False
"ráðuneyti, aðalskrifstofa 890 965 -75 18 932 42 45",False
"ráðuneyti, aðalskrifstofa 927 oll -84 84 982 55 5,6",False
"ráðuneyti, aðalskrifstofa 932 896 36 4,0 933 1 0,2",False
"ráðuneyti, aðalskrifstofa 943 1.050 -107 9 9 -",False
"ráðuneyti, aðalskrifstofa 965 1.007 -42 41 1.062 97 91",False
"ráðuneyti, aðalskrifstofa 990 - 8 4 1.003 141 1144",False
"ráðuneyti, aðalskrifstofa 994 1.013 -18 - - -",False
"ráðuneyti, aðalskrifstofa 997 1.138 -141 -25 7 -18",False
"ráðuneyti, aðalskrifstofa 999 749 250 33,4 1.043 44 4,2",False
"ráðuneyti, aðalskrifstofa.",False
"ráðuneyti, aðalskrifstofa. - - 1.736 - 1.736",False
"ráðuneyti, aðalskrifstofa. 109 - 21.905 - 22.014",False
"ráðuneyti, aðalskrifstofa. 15.726 - 15.726 56.956 - 56.956",False
"ráðuneyti, aðalskrifstofa. 2.795 202 2.997 1.797 27 1.823",False
"ráðuneyti, aðalskrifstofa. 21.370 - 21.370 19.049 - 19.049",False
"ráðuneyti, aðalskrifstofa. 298 - 15.145 - 15.442",False
"ráðuneyti, aðalskrifstofa. 329 - 329 17 - 17",False
"ráðuneyti, aðalskrifstofa. 4 254 4 17 - 270",False
"ráðuneyti, aðalskrifstofa. 418 309 108 35,0 419 2 0,4",False
"ráðuneyti, aðalskrifstofa. 66.607 - 66.607 15.726 - 15.726",False
"ráðuneyti, aðalskrifstofa. 69.960 914 70.874 3.759 544 4.303",False
"ráðuneyti, aðalskrifstofa. 74.003 - 74.003 79.509 - 79.509",False
"ráðuneyti, aðalskrifstofa. 893 76 968 9.361 124 9.485",False
"ráðuneyti, aðalskrifstofa. 9.361 124 9.485 16.474 708 17.182",False
"ráðuneyti, aðalskrifstofa.. FRA - - 315 - 315",False
"ráðuneyti, aðalskrifstofa... 37.243 - 37.243 35.471 - 35.471",False
"ráðuneyti, aðalskrifstofa... 42.438 - 42.438 79.945 - 79.945",False
"ráðuneyti, aðalskrifstofa... 44.186 - 44.186 42.438 - 42.438",False
ráðuneytis á árinu 2011 samanborið við árið 2010.,False
ráðuneytisins.,False
"réttindaráðuneyti, aðalskrifstofa 8.733",False
samgonguraduneyti,False
sem ráðuneyti hafa tekið saman um árlegar greiðslur vegna,False
sjavarutvegsraduneyti,False
"sjávarútvegsins 01 101 Forsætisráðuneyti, aðalskrifstofa",False
"stjórnarráðuneyti, aðalskrifstofa 317 386 69 179 430 114 264",False
"stjórnarráðuneyti, aðalskrifstofa 386 364 21 5,8 446 60",False
"stjórnarráðuneyti, aðalskrifstofa 579 608 29 12 16 4",False
"stjórnarráðuneyti, aðalskrifstofa 584 5 4 - 582 26 608",False
"stjórnarráðuneyti, aðalskrifstofa 594 5 4 - 593 29 622",False
"stjórnarráðuneyti, aðalskrifstofa 597 622 25 2 9 7",False
"stjórnarráðuneyti, aðalskrifstofa. - - 43.868 25.741 69.609",False
sveitarstjórnarráðuneyti,False
"sveitarstjórnarráðuneyti, aðalskrifstofa - 574 3 4 4 25 602",False
tryggingamálaráðuneyti,False
tryggingamálaráðuneyti -882 110.543 2.038 554 92 112.344,False
"tryggingamálaráðuneyti 112.643 5.821 5,2 3.782 31",False
"tryggingamálaráðuneyti,",False
"tryggingamálaráðuneyti, aðalskrifstofa - 1.871 2.688 - 4.559",False
"tryggingamálaráðuneyti, aðalskrifstofa -459 448 „11 s 5",False
"tryggingamálaráðuneyti, aðalskrifstofa -5 486 10 5 1 507",False
"tryggingamálaráðuneyti, aðalskrifstofa -513 512 2 5 -6",False
"tryggingamálaráðuneyti, aðalskrifstofa 3 1.148 6.881 - 8.032",False
"tryggingamálaráðuneyti, aðalskrifstofa 426 418 8 19 432 6 15",False
"tryggingamálaráðuneyti, aðalskrifstofa s 440 1 -2 8 454",False
tryggingamálaráðuneyti.. -584 79.873 1.773 2.248 301 83.610,False
tryggingamálaráðuneyti...,False
tryggingamálaráðuneytis .,False
tryggingamálaráðuneytis. „ .50.520 — 68.445 — 41.700,False
tölvumiðstöðvar ráðuneytisins.,False
umhverfisraduneyti,False
"unarráðuneyti, aðalskrifstofa 1.186 1.299 114 11 27 16",False
"unarráðuneyti, aðalskrifstofa 986 1.144 158 9 27 18",False
undir fjármálamálaráðuneytið eftir málaflokkum. árslok 2002.,False
undir fjármálaráðuneyti (skýring 35).,False
utanrikisraduneyti,False
utanríkisráðuneyti. 14.239 - 14.239 8.006 - 8.006,False
utanríkisráðuneyti: 320.129 - 320.129 124.529 - 124.529,False
utanríkisráðuneyti: 8.006 - 8.006 8.315 - 8.315,False
utanríkisráðuneytis 119.827 - 119.827 337.367 - 337.367,False
utanríkisráðuneytis 124.529 - 124.529 51.564 - 51.564,False
utanríkisráðuneytis 51.564 - 51.564 16.017 - 16.017,False
utanríkisráðuneytis. 16.017 - 16.017 - - -,False
utanríkisráðuneytis. 337.367 - 337.367 320.129 - 320.129,False
utanríkisráðuneytis. 8.315 - 8.315 119.827 - 119.827,False
var einnig tilgreint í þjóðhagspá ráðuneytisins vorið 2003,False
vegna aðalskrifstofu ráðuneytisins.,False
vidskiptaraduneyti,False
við fiskimálaráðuneyti í samfjármögnun 128 . . - 2017,False
viðskiptaráðuneyti,False
"Á 07 101 Félagsmálaráðuneyti, aðalskrifstofa.. 8.500",False
Á vegum velferðarráðuneytisins er nú unnið að endurskoðun á,False
Í grófum dráttum skiptast afskriftir ráðuneytisins þannig að,False
Ýmis framlög umhverfisráðuneytis .,False
"ætur brotaþola... 01 101 Forsætisráðuneyti, aðalskrifstofa",False
"í 12 101 Viðskiptaráðuneyti, aðalskrifstofa -19.361",False
"ökutækja ... 09 101 Fjármála- og efnahagsráðuneyti,",False
ýmis framlög iðnaðarráðuneytis. 26.531 -  34.700,False
"þar eru meðal annars aðalskrifstofa innanríkisráðuneytisins,",False
"„373 04 101 Landbúnaðarráðuneyti, aðalskrifstofa",False
